Dataset.Name,ID,Species,Treatment,Patients,Cells,Platform,Pri...Meta,PMID,major.cts,minor.cts,endo.ist,folder_size,ISCVAM_simple,pipeline_interactively,pipeline_without_targets_HPC,pipeline_without_targets_Mac,Number_of_cells,gse_only,cancer.type,glioma.in.gaby,notes,running.time.job.array
NSCLC_GSE127471,T010059,Human,None,1,"1,108",10x Genomics,Primary,31061481,"B, CD4Tconv, CD8T, CD8Tex, Mono/Macro, NK, Others","B, CD4Tn, CD8Tex, M1, Monocyte, NK, NKT, Others",FALSE,16.5,NA,NA,,NA,1108,GSE127471,NSCLC,FALSE,,
DLBC_GSE175510,T020138,Human,None,8,"1,412",Smart-seq2,Primary,34471864,"B, CD8T, Malignant, Mono/Macro","B, M2, MAIT, Malignant",FALSE,19.3,NA,NA,,NA,1412,GSE175510,DLBC,FALSE,,
THCA_GSE163203,T020185,Human,None,8,"1,561",Microwell-seq,Primary,34805166,"Epithelial, Fibroblasts, Mono/Macro, pDC, Plasma","Epithelial, Fibroblasts, Mono/Macro, pDC, Plasma",FALSE,15.6,NA,NA,,NA,1561,GSE163203,THCA,FALSE,,
AML_GSE135851,T020084,Human,None,1,"1,794",10x Genomics,Primary,32603599,"CD8T, Endothelial, Malignant, Mast, Mono/Macro","CD8Tem, Endothelial, M2, Malignant, Mast, Monocyte",TRUE,35.3,NA,NA,,NA,1794,GSE135851,AML,FALSE,,
CRC_GSE120909_mouse_aPD1,T010022,Mouse,Immunotherapy,NA,"1,881",Smart-seq,Primary,30389797,"CD8T, CD8Tex, DC, Mono/Macro, Neutrophils","CD8Tex, M2, Monocyte, Neutrophils, Others, pDC",FALSE,30.7,NA,NA,,NA,1881,GSE120909,CRC,FALSE,,
BRCA_GSE138536,T010012,Human,None,8,"1,902",Smart-seq2,Primary,31974247,"Epithelial, Fibroblasts, Mono/Macro, Myofibroblasts","Epithelial, Fibroblasts, Monocyte, Myofibroblasts",FALSE,54.5,NA,NA,,NA,1902,GSE138536,BRCA,FALSE,,
OV_GSE118828,T010065,Human,None,9,"1,909",Smart-seq2,"Primary, Metastatic",30383866,"CD4Tconv, Endothelial, Fibroblasts, Malignant, Mono/Macro, Myofibroblasts","CD4Tn, Endothelial, Fibroblasts, M1, Malignant, Myofibroblasts",TRUE,28.4,NA,NA,,NA,1909,GSE118828,OV,FALSE,,
SCLC_GSE150766,T020177,Human,None,1,"1,924",10x Genomics,Primary,34016693,"B, CD4Tconv, CD8Tex, Malignant, Mono/Macro, NK","B, CD4Tn, CD8Tex, Malignant, Monocyte, NK, pDC, Th1",FALSE,69.5,NA,NA,,NA,1924,GSE150766,SCLC,FALSE,,
LIHC_GSE179795,T020124,Human,None,1,"2,352",10x Genomics,Primary,34340996,"CD8T, ILC, Mono/Macro, NK","CD8T, ILC, Mono/Macro, NK",FALSE,26,NA,NA,,NA,2352,GSE179795,LIHC,FALSE,,
BRCA_SRP114962,T010015,Human,Chemotherapy,8,"2,472",SNRS,Primary,29681456,"CD8Tex, Malignant","CD8Tex, Malignant",FALSE,34.1,NA,NA,,NA,2472,SRP114962,BRCA,FALSE,,
KICH_GSE159115,T020115,Human,None,1,"2,850",10x Genomics,Primary,34099557,"CD8Tex, Endothelial, Malignant, Mono/Macro, Pericytes","CD8Tex, Endothelial, Malignant, Mono/Macro, Pericytes",TRUE,74.8,NA,NA,,NA,2850,GSE159115,KICH,FALSE,,
PAAD_GSE154763,T020158,Human,None,6,"2,853",10x Genomics,Primary,33545035,"DC, Mast, Mono/Macro","DC, Mast, Mono/Macro",FALSE,53.5,NA,NA,,NA,2853,GSE154763,PAAD,FALSE,,
ALL_GSE153697,T020082,Human,Immunotherapy,1,"2,904",10x Genomics,Relapsed,33558546,"B, Malignant, Mono/Macro, NK, Plasma","B, Malignant, Mono/Macro, NK, Plasma",FALSE,59.9,NA,NA,,NA,2904,GSE153697,ALL,FALSE,,
LIHC_GSE146409,T020122,Human,None,6,"2,916",MARS-seq,"Primary, Metastatic",33332768,"Endothelial, Epithelial, Fibroblasts, Hepatocytes, Malignant, Mono/Macro","Endothelial, Epithelial, Fibroblasts, Hepatocytes, Malignant, Mono/Macro",TRUE,31.9,NA,NA,,NA,2916,GSE146409,LIHC,FALSE,,
NSCLC_GSE151537,T020143,Human,Immunotherapy,10,"2,948",Smart-seq2,Primary,33691136,"CD4Tconv, CD8T, CD8Tex, Tprolif, Treg","CD4Tconv, CD8T, CD8Tex, Tprolif, Treg",FALSE,50.1,NA,NA,,NA,2948,GSE151537,NSCLC,FALSE,,
LIHC_GSE146115,T020121,Human,None,4,"3,134",C1,Primary,33531041,"B, CD8T, Malignant, Mono/Macro, Tprolif","B, CD8T, Malignant, Mono/Macro, Tprolif",FALSE,84.5,NA,NA,,NA,3134,GSE146115,LIHC,FALSE,,
NET_GSE140312,T010054,Human,None,1,"3,158",10x Genomics,"Primary, Metastatic",32054662,"Endothelial, Fibroblasts, Malignant, Mono/Macro","Endothelial, Fibroblasts, M1, Malignant",TRUE,39,NA,NA,,NA,3158,GSE140312,NET,FALSE,,
Glioma_GSE102130,T010028,Human,None,6,"3,321",Smart-seq2,Primary,29674595,"AC-like Malignant, Mono/Macro, OC-like Malignant, Oligodendrocyte, OPC-like Malignant","AC-like Malignant, M1, OC-like Malignant, Oligodendrocyte, OPC-like Malignant",FALSE,182.6,NA,NA,22.08506776,NA,3321,GSE102130,Glioma,TRUE,,
Glioma_GSE84465,T010038,Human,None,4,"3,533",Smart-seq2,Primary,29091775,"AC-like Malignant, Astrocyte, Malignant, Mono/Macro, Neuron, Oligodendrocyte, OPC, Vascular","AC-like Malignant, Astrocyte, M1, Malignant, Monocyte, Neuron, Oligodendrocyte, OPC, Vascular",FALSE,80.6,NA,NA,16.39015712,10.7148280183474 mins,3533,GSE84465,Glioma,TRUE,,
SKCM_GSE134388_aPD1,T020178,Human,Immunotherapy,1,"3,633",10x Genomics,Primary,32747553,"CD8T, DC, Endothelial, Fibroblasts, Keratinocytes, Mast, Mono/Macro, Myofibroblasts, SMC","CD8Tcm, Endothelial, Fibroblasts, Keratinocytes, M1, M2, Mast, Mono/Macro, Myofibroblasts, SMC",TRUE,40.7,NA,7.809 mins + ,,NA,3633,GSE134388,SKCM,FALSE,,
NSCLC_GSE153935,T020144,Human,None,12,"3,658",10x Genomics,Primary,None,"Alveolar, CD8T, CD8Tex, Endothelial, Epithelial, Fibroblasts, Mast, Mono/Macro, Myofibroblasts, Plasma, Tprolif","Alveolar, CD8Tcm, CD8Tem, CD8Tex, Endothelial, Epithelial, Fibroblasts, Mast, Monocyte, Myofibroblasts, Plasma, Tprolif",TRUE,62.7,NA,NA,,NA,3658,GSE153935,NSCLC,FALSE,,
LIHC_GSE125449_aPDL1aCTLA4,T010045,Human,Immunotherapy,9,"3,834",10x Genomics,Primary,31588021,"B, CD8Tex, Endothelial, Fibroblasts, Hepatic progenitor, Malignant, Mono/Macro, Plasma","B, CD8Tex, Endothelial, Fibroblasts, Hepatic progenitor, M1, Malignant, Plasma",TRUE,65.4,NA,NA,,NA,3834,GSE125449,LIHC,FALSE,,
OV_GSE154763,T020154,Human,None,2,"3,888",10x Genomics,Primary,33545035,"DC, Mono/Macro","DC, Mono/Macro",FALSE,78.6,NA,NA,,NA,3888,GSE154763,OV,FALSE,,
MF_GSE173820,T020137,Human,None,1,"3,926",10x Genomics,Primary,34018188,"CD4Tconv, CD8T, DC, Endothelial, Epithelial, Fibroblasts, Malignant, Mono/Macro, Myofibroblasts","CD4Tconv, CD8T, DC, Endothelial, Epithelial, Fibroblasts, Malignant, Mono/Macro, Myofibroblasts",TRUE,59.4,NA,NA,,NA,3926,GSE173820,MF,FALSE,,
AEL_GSE142213,T010001,Human,None,2,"3,994",10x Genomics,Primary,32330454,"Malignant, Mono/Macro, NK, Plasma","M2, Malignant, NK, Plasma",FALSE,69.7,NA,NA,,NA,3994,GSE142213,AEL,FALSE,,
PAAD_GSE158356,T020160,Human,None,5,"4,113",10x Genomics,Metastatic,33782087,"Acinar, B, CD8T, Epithelial, Fibroblasts, Mono/Macro","Acinar, B, CD8T, Epithelial, Fibroblasts, Mono/Macro",FALSE,79.8,NA,NA,,NA,4113,GSE158356,PAAD,FALSE,,
BLCA_GSE130001,T010006,Human,None,2,"4,129",10x Genomics,Primary,32111252,"Endothelial, Epithelial, Fibroblasts, Myofibroblasts","Endothelial, Epithelial, Fibroblasts, Myofibroblasts",TRUE,94,NA,NA,,NA,4129,GSE130001,BLCA,FALSE,,
Glioma_GSE70630,T010037,Human,None,6,"4,347",Smart-seq2,Primary,27806376,"AC-like Malignant, Mono/Macro, OC-like Malignant, Oligodendrocyte","AC-like Malignant, M1, OC-like Malignant, Oligodendrocyte",FALSE,181.1,NA,NA,22.97328683,16.2599651,4347,GSE70630,Glioma,TRUE,,
BRCA_GSE143423,T010013,Human,None,2,"4,375",10x Genomics,Metastatic,None,"Malignant, Mono/Macro, Oligodendrocyte","M1, Malignant, Oligodendrocyte",FALSE,133.3,NA,NA,,NA,4375,GSE143423,BRCA,FALSE,,
NSCLC_GSE149655,T020141,Human,None,2,"4,433",10x Genomics,Primary,32891189,"Alveolar, CD8Tex, Ciliated, Club, Endothelial, Fibroblasts, Mast, Mono/Macro, Myofibroblasts","Alveolar, CD8Tex, Ciliated, Club, Endothelial, Fibroblasts, M2, Mast, Monocyte, Myofibroblasts",TRUE,184.3,NA,NA,,NA,4433,GSE149655,NSCLC,FALSE,,
CRC_GSE112865_mouse_aPD1,T010021,Mouse,Immunotherapy,NA,"4,454",10x Genomics,Primary,30613266,"CD4Tconv, CD8T, CD8Tex, DC, Mono/Macro, Neutrophils, NK, Tprolif","CD8Tex, CD8Tn, cDC1, M2, Monocyte, Neutrophils, NK, pDC, Th1, Tprolif",FALSE,51.7,NA,NA,,NA,4454,GSE112865,CRC,FALSE,,
SKCM_GSE72056,T010078,Human,None,19,"4,645",Smart-seq2,Metastatic,27124452,"B, CD4Tconv, CD8Tex, Endothelial, Fibroblasts, Malignant, Mono/Macro, Tprolif","B, CD4Tn, CD8Tex, Endothelial, Fibroblasts, Malignant, Monocyte, Tfh, Th1, Tprolif",TRUE,166,NA,NA,,NA,4645,GSE72056,SKCM,FALSE,,
CRC_GSE179784,T020100,Human,Immunotherapy,1,"4,647",MGI DNBelab C4,Primary,None,"CD4Tconv, DC, Epithelial, Fibroblasts, Plasma, Tprolif","CD4Tconv, DC, Epithelial, Fibroblasts, Plasma, Tprolif",FALSE,89.7,NA,NA,,NA,4647,GSE179784,CRC,FALSE,,
MPNST_GSE165826,T020165,Human,None,1,"4,754",10x Genomics,Primary,34010628,"CD8T, Fibroblasts, Mono/Macro, Myofibroblasts, Neural crest","CD8T, Fibroblasts, Mono/Macro, Myofibroblasts, Neural crest",FALSE,107.8,NA,NA,,NA,4754,GSE165826,MPNST,FALSE,,
CLL_GSE159417,T020097,Human,None,2,"4,763",10x Genomics,Primary,34362918,"B, CD4Tconv, CD8T, Malignant, Mono/Macro, Progenitor","B, CD4Tconv, CD8T, Malignant, Mono/Macro, Progenitor",FALSE,45.7,NA,NA,,NA,4763,GSE159417,CLL,FALSE,,
MM_GSE143317,T020127,Human,Immunotherapy,1,"4,882",10x Genomics,Relapsed,33619368,"B, CD4Tconv, CD8T, Erythrocytes, Malignant, Mono/Macro, Neutrophils, NK","B, CD4Tconv, CD8T, Erythrocytes, Malignant, Mono/Macro, Neutrophils, NK",FALSE,137,NA,NA,,NA,4882,GSE143317,MM,FALSE,,
PAAD_GSE141017,T020156,Human,None,1,"4,934",10x Genomics,Primary,33649045,"CD8T, Fibroblasts, Malignant, Mono/Macro","CD8Tcm, Fibroblasts, M1, Malignant, Monocyte",FALSE,82.9,NA,NA,,NA,4934,GSE141017,PAAD,FALSE,,
LIHC_GSE98638,T010048,Human,None,6,"5,059",Smart-seq2,Primary,28622514,"CD4Tconv, CD8T, CD8Tex, Others, Tprolif, Treg","CD4Teff, CD4Tn, CD8Tcm, CD8Teff, CD8Tex, MAIT, Others, Tfh, Th1, Th17, Tprolif, Treg",FALSE,144.7,NA,NA,,NA,5059,GSE98638,LIHC,FALSE,,
Glioma_GSE141982,T010035,Human,None,2,"5,263",10x Genomics,Primary,32105316,"CD8T, Endothelial, Malignant, Mono/Macro","CD8Tem, Endothelial, M2, Malignant",TRUE,89.6,NA,NA,19.77354695,13.6898769,5263,GSE141982,Glioma,TRUE,,
PCFCL_GSE173820,T020136,Human,Immunotherapy,1,"5,270",10x Genomics,Primary,34018188,"B, CD4Tconv, CD8T, DC, Endothelial, Epithelial, Fibroblasts, Mono/Macro, Myofibroblasts","B, CD4Tconv, CD8T, DC, Endothelial, Epithelial, Fibroblasts, Mono/Macro, Myofibroblasts",TRUE,44.1,NA,NA,,NA,5270,GSE173820,PCFCL,FALSE,,
THCA_GSE154763,T020184,Human,None,10,"5,312",10x Genomics,Primary,33545035,"DC, Mast, Mono/Macro, pDC","DC, Mast, Mono/Macro, pDC",FALSE,105.2,NA,NA,,NA,5312,GSE154763,THCA,FALSE,,
NSCLC_GSE150660,T020142,Human,None,2,"5,407",10x Genomics,Metastatic,32675368,"CD4Tconv, CD8T, CD8Tex, DC, Malignant, Mono/Macro","CD8Tex, CD8Tn, cDC2, M1, M2, Malignant, Monocyte, Th2",FALSE,73.1,NA,NA,,NA,5407,GSE150660,NSCLC,FALSE,,
CRC_GSE122969_mouse_aPD1aTIM3,T010023,Mouse,Immunotherapy,NA,"5,457",10x Genomics,Primary,30635236,"CD8T, CD8Tex, DC, Fibroblasts, Mono/Macro, Tprolif","CD8Tcm, CD8Teff, CD8Tex, CD8Tn, Fibroblasts, M2, Others, pDC, Tprolif",FALSE,66.5,NA,NA,,NA,5457,GSE122969,CRC,FALSE,,
CHOL_GSE125449_aPD1aPDL1aCTLA4,T010016,Human,Immunotherapy,10,"5,761",10x Genomics,Primary,31588021,"B, CD4Tconv, CD8T, CD8Tex, Endothelial, Fibroblasts, Hepatic progenitor, Malignant, Mono/Macro, Plasma, Tprolif","B, CD4Tn, CD8Tem, CD8Tex, Endothelial, Fibroblasts, Hepatic progenitor, Malignant, Monocyte, Plasma, Tprolif",TRUE,73.5,NA,NA,,NA,5761,GSE125449,CHOL,FALSE,,
HNSC_GSE103322,T010040,Human,None,18,"5,902",Smart-seq2,Primary,29198524,"CD4Tconv, CD8T, CD8Tex, Endothelial, Fibroblasts, Malignant, Mast, Mono/Macro, Myocyte, Myofibroblasts, Plasma","CD4Tn, CD8Tcm, CD8Tex, Endothelial, Fibroblasts, M1, Malignant, Mast, Myocyte, Myofibroblasts, Plasma",TRUE,206.1,NA,NA,,NA,5902,GSE103322,HNSC,FALSE,,
OV_GSE115007,T010064,Human,None,1,"6,000",10x Genomics,Primary,29967419,"DC, Mono/Macro, Plasma","cDC1, cDC2, M2, Monocyte, Plasma",FALSE,80,NA,NA,,NA,6000,GSE115007,OV,FALSE,,
BRCA_GSE110686,T010008,Human,None,2,"6,035",10x Genomics,"Primary, Metastatic",29942092,"CD4Tconv, CD8T, CD8Tex, Mono/Macro, Tprolif, Treg","CD4Tn, CD8Tcm, CD8Teff, CD8Tem, CD8Tex, M1, Tfh, Th17, Th2, Tprolif, Treg",FALSE,59.3,NA,NA,,NA,6035,GSE110686,BRCA,FALSE,,
PAAD_GSE111672,T010067,Human,None,3,"6,122",inDrop,Primary,31932730,"Acinar, CD8T, Ductal, Endothelial, Fibroblasts, Malignant, Mast, Mono/Macro, Neutrophils, Others, Tprolif","Acinar, CD8Tcm, Ductal, Endothelial, Fibroblasts, M1, Malignant, Mast, Neutrophils, Others, Tprolif",TRUE,79.5,NA,NA,,NA,6122,GSE111672,PAAD,FALSE,,
PAAD_GSE148673,T020157,Human,None,2,"6,196",10x Genomics,Primary,33462507,"B, CD8T, Epithelial, Malignant, Mono/Macro, NK","B, CD8T, Epithelial, Malignant, Mono/Macro, NK",FALSE,183.4,NA,NA,,NA,6196,GSE148673,PAAD,FALSE,,
Glioma_GSE89567,T010039,Human,None,10,"6,341",Smart-seq2,Primary,28360267,"AC-like Malignant, Mono/Macro, OC-like Malignant, Oligodendrocyte","AC-like Malignant, M1, OC-like Malignant, Oligodendrocyte",FALSE,294.2,NA,NA,28.48567523,NA,6341,GSE89567,Glioma,TRUE,,
Glioma_GSE141460,T020106,Human,None,24,"6,385",Smart-seq2,Primary,32663469,"CD8Tex, Endothelial, Malignant, Microglia, Oligodendrocyte, OPC","CD8Tex, Endothelial, Malignant, Microglia, Oligodendrocyte, OPC",TRUE,227.8,NA,NA,31.58579954,NA,6385,GSE141460,Glioma,FALSE,,
PRAD_GSE150692,T020169,Human,None,1,"6,710",10x Genomics,Primary,32915138,"Acinar, B, CD8Tex, Ductal, Endothelial, Mono/Macro","Acinar, B, CD8Tex, Ductal, Endothelial, M1, Monocyte",TRUE,160.5,NA,NA,,NA,6710,GSE150692,PRAD,FALSE,,
LIHC_GSE140228_Smartseq2,T010047,Human,None,6,"7,074",Smart-seq2,Primary,31675496,"B, CD4Tconv, CD8Tex, DC, ILC, Mast, Mono/Macro, NK, Plasma, Tprolif","B, CD4Tn, CD8Tex, cDC2, ILC, M2, Mast, Monocyte, NK, Plasma, Tprolif",FALSE,236.7,NA,NA,,NA,7074,GSE140228,LIHC,FALSE,,
SS_GSE131309_Smartseq2,T020173,Human,None,12,"7,109",Smart-seq2,Primary,33495604,"B, CD8T, CD8Tex, Endothelial, Epithelial, Fibroblasts, Malignant, Mast, Mono/Macro","B, CD8Tcm, CD8Tex, CD8Tn, cDC1, Endothelial, Epithelial, Fibroblasts, M1, Malignant, Mast",TRUE,240.7,NA,NA,,NA,7109,GSE131309,SS,FALSE,,
SKCM_GSE115978_aPD1,T010073,Human,Immunotherapy,31,"7,186",Smart-seq2,"Primary, Metastatic",30388455,"B, CD4Tconv, CD8Tex, Endothelial, Fibroblasts, Malignant, Mono/Macro, NK, Tprolif","B, CD4Tn, CD8Tex, Endothelial, Fibroblasts, Malignant, Monocyte, NK, pDC, Tprolif",TRUE,250.2,NA,31 mins,,NA,7186,GSE115978,SKCM,FALSE,,
AML_GSE147989,T010004,Human,Targeted therapy,2,"7,389",10x Genomics,Primary,32601337,HSC,HSC,FALSE,139.5,NA,NA,,NA,7389,GSE147989,AML,FALSE,,
MM_GSE154763,T020129,Human,None,4,"7,619",10x Genomics,Primary,33545035,"DC, Mono/Macro, pDC","DC, Mono/Macro, pDC",FALSE,129.6,NA,NA,,NA,7619,GSE154763,MM,FALSE,,
ESCA_GSE154763,T020101,Human,None,7,"7,673",10x Genomics,Primary,33545035,"DC, Mast, Mono/Macro, pDC","DC, Mast, Mono/Macro, pDC",FALSE,128.7,NA,NA,,NA,7673,GSE154763,ESCA,FALSE,,
MB_GSE119926,T010049,Human,None,25,"7,745",Smart-seq2,"Primary, Metastatic",31341285,0,0,FALSE,0,NA,NA,37.81,NA,7745,GSE119926,MB,TRUE,,
SKCM_GSE166181_aPD1,T020180,Human,Immunotherapy,20,"7,746",ddSeq,Metastatic,33723257,"CD8T, Tprolif","CD8T, Tprolif",FALSE,48.3,NA,NA,,NA,7746,GSE166181,SKCM,FALSE,,
Glioma_GSE131928_Smartseq2,T010031,Human,None,28,"7,930",Smart-seq2,Primary,31327527,"AC-like Malignant, CD8Tex, MES-like Malignant, Mono/Macro, NPC-like Malignant, Oligodendrocyte, OPC-like Malignant","AC-like Malignant, CD8Tex, M1, MES-like Malignant, NPC-like Malignant, Oligodendrocyte, OPC-like Malignant",FALSE,358.9,NA,NA,36.00858276,NA,7930,GSE131928,Glioma,FALSE,,
Glioma_GSE163108_Smartseq2,T020109,Human,None,26,"8,244",Smart-seq2,Primary,33592174,"CD4Tconv, CD8T, Treg","CD4Tconv, CD8T, Treg",FALSE,157.2,NA,NA,28.22,NA,8244,GSE163108,Glioma,FALSE,,
PBMC_8K,T010070,Human,None,1,"8,488",10x Genomics,Normal,None,"B, CD4Tconv, CD8T, DC, Mono/Macro, NK","B, CD4Tn, CD8Tcm, CD8Teff, CD8Tn, cDC2, M1, Monocyte, NK, pDC, Th17",FALSE,105.6,NA,NA,,NA,8488,8K,PBMC,FALSE,,
PRAD_GSE137829,T020166,Human,None,6,"8,640",10x Genomics,Primary,33328604,"B, CD8Tex, Endothelial, Epithelial, Fibroblasts, Malignant, Mast, Mono/Macro, Myofibroblasts, Plasma","B, CD8Tex, Endothelial, Epithelial, Fibroblasts, M1, Malignant, Mast, Myofibroblasts, Plasma",TRUE,580,NA,NA,,NA,8640,GSE137829,PRAD,FALSE,,
UCEC_GSE154763,T020186,Human,None,9,"8,808",10x Genomics,Primary,33545035,"DC, Mast, Mono/Macro, pDC","DC, Mast, Mono/Macro, pDC",FALSE,159.1,NA,NA,,NA,8808,GSE154763,UCEC,FALSE,,
NB_GSE154037,T020133,Human,None,3,"9,008",10x Genomics,Primary,33046868,NKT,NKT,FALSE,130.8,NA,NA,,NA,9008,GSE154037,NB,FALSE,,
SS_GSE131309_10X,T020172,Human,None,3,"9,205",10x Genomics,Primary,33495604,"Endothelial, Fibroblasts, Malignant, Mono/Macro","Endothelial, Fibroblasts, Malignant, Mono/Macro",TRUE,212.2,NA,NA,,NA,9205,GSE131309,SS,FALSE,,
ESCA_GSE173950,T020103,Human,Targeted therapy,22,"9,544",Drop-seq,Primary,None,"B, CD4Tconv, CD8T, DC, Endothelial, Epithelial, Fibroblasts, Mast, Mono/Macro, Myofibroblasts, Plasma, Tprolif","B, CD8Teff, CD8Tem, cDC1, Endothelial, Epithelial, Fibroblasts, Mast, Mono/Macro, Monocyte, Myofibroblasts, Plasma, Th1, Tprolif",TRUE,109.4,NA,NA,,NA,9544,GSE173950,ESCA,FALSE,,
PAAD_GSE165399,T020162,Human,None,3,"9,569",GEXSCOPETM,Primary,34326696,"Acinar, B, Ductal, Endothelial, Fibroblast, Malignant, Mono/Macro, Plasma, Stellate, Tprolif","Acinar, B, Ductal, Endothelial, Fibroblast, Malignant, Mono/Macro, Plasma, Stellate, Tprolif",TRUE,129.8,NA,NA,,NA,9569,GSE165399,PAAD,FALSE,,
AML_GSE154109,T020085,Human,None,8,"9,623",10x Genomics,Primary,32692727,"B, CD8T, CD8Tex, EryPro, Malignant, Mono/Macro","B, CD8Tem, CD8Tex, cDC1, EryPro, M1, Malignant, Monocyte",FALSE,181.2,NA,NA,,NA,9623,GSE154109,AML,FALSE,,
SKCM_GSE179373,T020181,Human,None,2,"9,690",10x Genomics/CITE-seq,Metastatic,35584630,"CD8T, CD8Tex, NK, TProlif","CD8T, CD8Tex, NK, TProlif",FALSE,132.3,NA,NA,,NA,9690,GSE179373,SKCM,TRUE,,
MF_GSE165623,T020135,Human,None,1,"9,753",10x Genomics,Primary,33968070,"B, CD4Tconv, CD8T, DC, Endothelial, Fibroblasts, Keratinocytes, Malignant, Mono/Macro, Myofibroblasts, Neutrophils","B, CD4Tconv, CD8T, DC, Endothelial, Fibroblasts, Keratinocytes, Malignant, Mono/Macro, Myofibroblasts, Neutrophils",TRUE,140.9,NA,NA,,NA,9753,GSE165623,MF,FALSE,,
OV_GSE147082,T020151,Human,Immunotherapy,6,"9,796",Drop-seq,Metastatic,34038734,"B, CD4Tconv, CD8T, Endothelial, Fibroblasts, Malignant, Mono/Macro, Myofibroblasts, Plasma, Tprolif","B, CD4Tconv, CD8T, Endothelial, Fibroblasts, Malignant, Mono/Macro, Myofibroblasts, Plasma, Tprolif",TRUE,156.7,NA,NA,,NA,9796,GSE147082,OV,FALSE,,
CRC_GSE139555,T010025,Human,None,2,"10,112",10x Genomics,Primary,32103181,"B, CD4Tconv, CD8T, CD8Tex, Mast, Mono/Macro, Myofibroblasts, NK, Plasma, Tprolif, Treg","B, CD4Tn, CD8Tcm, CD8Tex, Mast, Monocyte, Myofibroblasts, NK, Plasma, Th17, Tprolif, Treg",FALSE,104.4,NA,NA,,NA,10112,GSE139555,CRC,FALSE,,
MCC_GSE117988_aPD1aCTLA4,T010050,Human,Immunotherapy,1,"10,134",10x Genomics,Metastatic,30250229,0,0,FALSE,0,NA,NA,,NA,10134,GSE117988,MCC,FALSE,,
BRCA_GSE148673,T020089,Human,None,6,"10,359",10x Genomics,Primary,33462507,"B, CD4Tconv, CD8T, Endothelial, Epithelial, Fibroblasts, Malignant, Mono/Macro, Tprolif","B, CD4Tconv, CD8T, Endothelial, Epithelial, Fibroblasts, Malignant, Mono/Macro, Tprolif",TRUE,324.8,NA,NA,,NA,10359,GSE148673,BRCA,FALSE,,
CRC_GSE146771_Smartseq2,T010027,Human,None,10,"10,468",Smart-seq2,Primary,32302573,"B, CD4Tconv, CD8T, CD8Tex, Endothelial, Fibroblasts, Malignant, Mast, Mono/Macro, NK, Plasma, Tprolif, Treg","B, CD4Tn, CD8Teff, CD8Tex, Endothelial, Fibroblasts, M1, Malignant, Mast, Monocyte, NK, Plasma, Tfh, Tprolif, Treg",TRUE,378.9,NA,NA,,NA,10468,GSE146771,CRC,FALSE,,
Glioma_GSE141383,T020105,Human,Immunotherapy,6,"10,502",Microwell-seq,Primary,34011400,"Endothelial, Fibroblasts, Malignant, Mono/Macro, Oligodendrocyte","Endothelial, Fibroblasts, Malignant, Mono/Macro, Oligodendrocyte",TRUE,122.1,NA,NA,29.63365804,NA,10502,GSE141383,Glioma,FALSE,,
CHOL_GSE142784,T020094,Human,None,2,"10,535",10x Genomics,Primary,32505533,"CD8T, Cholangiocyte, Endothelial, Fibroblasts, Hepatocytes, Malignant, Mono/Macro, Myofibroblasts","CD8Tex, Cholangiocyte, Endothelial, Fibroblasts, Hepatocytes, M1, Malignant, Monocyte, Myofibroblasts",TRUE,199.9,NA,NA,,NA,10535,GSE142784,CHOL,FALSE,,
BRCA_GSE150660,T020090,Human,None,3,"10,605",10x Genomics,Metastatic,32675368,"B, CD4Tconv, CD8T, DC, Malignant, Mono/Macro, NK","B, CD4Tn, CD8Tcm, cDC2, M1, Malignant, Monocyte, NK",FALSE,148.6,NA,NA,,NA,10605,GSE150660,BRCA,FALSE,,
ALL_GSE154109,T020083,Human,None,7,"10,800",10x Genomics,Primary,32692727,"B, CD8T, EryPro, Malignant, Mono/Macro, NK","B, CD8Tcm, CD8Tn, EryPro, Malignant, Monocyte, NK",FALSE,132.6,NA,NA,,NA,10800,GSE154109,ALL,FALSE,,
NSCLC_GSE146100,T020139,Human,Immunotherapy,1,"10,996",10x Genomics,Primary,33820821,"B, CD4Tconv, CD8T, DC, Endothelial, Epithelial, Fibroblasts, Mast, Mono/Macro, NK, Treg","B, CD4Tconv, CD8T, DC, Endothelial, Epithelial, Fibroblasts, Mast, Mono/Macro, NK, Treg",TRUE,207.4,NA,NA,,NA,10996,GSE146100,NSCLC,FALSE,,
MCC_GSE118056_aPDL1,T010051,Human,Immunotherapy,1,"11,024",10x Genomics,Primary,30250229,"B, CD4Tconv, CD8T, CD8Tex, DC, Malignant, Mono/Macro, Myofibroblasts, NK","B, CD4Tn, CD8Tcm, CD8Tex, cDC2, M1, Malignant, Monocyte, Myofibroblasts, NK",FALSE,259.9,NA,NA,,NA,11024,GSE118056,MCC,FALSE,,
CRC_GSE108989,T010020,Human,None,12,"11,125",Smart-seq2,Primary,30479382,"CD4Tconv, CD8T, CD8Tex, Tprolif, Treg","CD4Tn, CD8Tcm, CD8Teff, CD8Tex, Tfh, Th1, Th17, Tprolif, Treg",FALSE,312.4,NA,NA,,NA,11125,GSE108989,CRC,FALSE,,
MM_GSE151310,T020128,Human,None,5,"11,201",10x Genomics,"Primary, Relapsed",33278564,"CD4Tconv, CD8T, CD8Tex, Tprolif","CD4Tn, CD8Tcm, CD8Teff, CD8Tex, CD8Tn, Tfh, Th1, Th17, Tprolif",FALSE,696.2,NA,NA,,NA,11201,GSE151310,MM,FALSE,,
OV_GSE130000,T020150,Human,None,8,"11,215",Drop-seq,"Primary, Metastatic",34992217,"CD8Tex, Fibroblasts, Malignant, Mono/Macro, Myofibroblasts","CD8Tex, Fibroblasts, M1, Malignant, Myofibroblasts",FALSE,148,NA,NA,,NA,11215,GSE130000,OV,FALSE,,
NHL_GSE147944,T020134,Human,None,3,"11,245",10x Genomics,Primary,32438399,"B, CD8T, Endothelial, Epithelial, Fibroblasts, Mono/Macro, Pericytes, Plasma, Tprolif","B, CD8Tcm, cDC2, Endothelial, Epithelial, Fibroblasts, M1, M2, Pericytes, Plasma, Tprolif",TRUE,213,NA,NA,,NA,11245,GSE147944,NHL,FALSE,,
KIRC_GSE171306,T020120,Human,None,2,"11,427",10x Genomics,Primary,34168986,"CD4Tconv, CD8T, Endothelial, Fibroblasts, Malignant, Mast, Mono/Macro, Neutrophils, NK, Tprolif","CD4Tconv, CD8T, Endothelial, Fibroblasts, Malignant, Mast, Mono/Macro, Neutrophils, NK, Tprolif",TRUE,212.5,NA,NA,,NA,11427,GSE171306,KIRC,FALSE,,
NSCLC_GSE117570,T010057,Human,None,4,"11,453",10x Genomics,Primary,31033233,"B, CD4Tconv, CD8T, DC, Endothelial, Epithelial, Malignant, Mono/Macro, NK, Plasma","B, CD8Teff, Endothelial, Epithelial, M1, M2, Malignant, Monocyte, NK, pDC, Plasma, Th2",TRUE,155,NA,NA,,NA,11453,GSE117570,NSCLC,FALSE,,
Glioma_GSE139448,T010034,Human,None,3,"12,152",10x Genomics,Primary,32004492,"Endothelial, Malignant, Mast, Mono/Macro","Endothelial, M1, Malignant, Mast, Monocyte",TRUE,260.1,NA,NA,40.20072714,NA,12152,GSE139448,Glioma,TRUE,number of cells = 13469,
NSCLC_GSE143423,T010062,Human,None,3,"12,193",10x Genomics,Metastatic,None,0,0,FALSE,0,NA,NA,,NA,12193,GSE143423,NSCLC,FALSE,,
PPB_GSE163678,T020175,Human,None,1,"12,239",10x Genomics,Primary,None,"Endothelial, Malignant, Mono/Macro, Pericytes","Endothelial, Malignant, Mono/Macro, Pericytes",TRUE,325.7,NA,NA,,NA,12239,GSE163678,PPB,FALSE,,
NSCLC_GSE99254,T010063,Human,None,14,"12,346",Smart-seq2,Primary,29942094,"CD4Tconv, CD8T, CD8Tex, Mono/Macro, Tprolif, Treg","CD4Teff, CD4Tn, CD8Tcm, CD8Teff, CD8Tex, Monocyte, Tfh, Th1, Th17, Tprolif, Treg",FALSE,287.1,NA,NA,,NA,12346,GSE99254,NSCLC,FALSE,,
GCTB_GSE168664,T020104,Human,None,1,"12,380",10x Genomics,Primary,None,"CD8T, Endothelial, Fibroblasts, Mono/Macro, Tprolif","CD8T, Endothelial, Fibroblasts, Mono/Macro, Tprolif",TRUE,300.3,NA,NA,,NA,12380,GSE168664,GCTB,FALSE,,
Glioma_GSE135437,T010032,Human,None,19,"12,559",mCEL-Seq2,"Primary, Metastatic",31740814,"CD8T, Microglia, Mono/Macro, Oligodendrocyte","CD8Tcm, Microglia, Monocyte, Oligodendrocyte",FALSE,174.5,NA,NA,28.43052409,NA,12559,GSE135437,Glioma,TRUE,,
UVM_GSE138433,T020187,Human,None,6,"12,682",10x Genomics,Primary,33462406,"CD8T, Endothelial, Malignant, Mono/Macro","CD8T, Endothelial, Malignant, Mono/Macro",TRUE,224.6,NA,NA,,NA,12682,GSE138433,UVM,FALSE,,
UCEC_GSE139555,T010080,Human,None,3,"12,758",10x Genomics,Primary,32103181,"CD4Tconv, CD8T, CD8Tex, Fibroblasts, Tprolif, Treg","CD4Teff, CD8Tcm, CD8Teff, CD8Tem, CD8Tex, Fibroblasts, Others, Th1, Th17, Tprolif, Treg",FALSE,91.8,NA,NA,,NA,12758,GSE139555,UCEC,FALSE,,
NSCLC_GSE179373,T020147,Human,None,3,"12,930",10x Genomics,Primary,35584630,"CD4Tconv, CD8T, CD8Tex","CD4Tconv, CD4Tn, CD8Tcm, CD8Teff, CD8Tem, CD8Tex, MAIT, Th2",FALSE,156.5,NA,NA,,NA,12930,GSE179373,NSCLC,TRUE,,
UVM_GSE160883,T020188,Human,None,6,"12,977",inDrop,Primary,34518527,"CD8T, Malignant, Mono/Macro, Photoreceptor","CD8T, Malignant, Mono/Macro, Photoreceptor",FALSE,124.6,NA,NA,,NA,12977,GSE160883,UVM,FALSE,,
CLL_GSE152469,T020019,Human,Targeted therapy,1,"13,017",CITE-seq,Relapsed,33298182,"CD4Tconv, CD8T, Malignant, Mono/Macro, NK, Tprolif","CD4Tconv, CD8T, Malignant, Mono/Macro, NK, Tprolif",FALSE,97.2,NA,NA,,NA,13017,GSE152469,CLL,FALSE,,
Neurofibroma_GSE163028,T020164,Human,None,3,"13,152",10x Genomics,Primary,33413690,"DC, Endothelial, Fibroblasts, HSC, Pericytes, Schwann ","DC, Endothelial, Fibroblasts, HSC, Pericytes, Schwann ",TRUE,112.4,NA,NA,,NA,13152,GSE163028,Neurofibroma,FALSE,,
CLL_GSE142744,T020096,Human,None,2,"13,552",10x Genomics,Primary,None,"B, CD4Tconv, CD8T, CD8Tex, Mast, Mono/Macro, NK","B, CD4Tn, CD8Teff, CD8Tex, M1, Mast, Monocyte, NK",FALSE,135.4,NA,NA,,NA,13552,GSE142744,CLL,FALSE,,
Glioma_GSE131928_10X,T010030,Human,None,9,"13,553",10x Genomics,Primary,31327527,"AC-like Malignant, CD8Tex, Malignant, MES-like Malignant, Mono/Macro, NPC-like Malignant, Oligodendrocyte, OPC-like Malignant","AC-like Malignant, CD8Tex, M1, Malignant, MES-like Malignant, Monocyte, NPC-like Malignant, Oligodendrocyte, OPC-like Malignant",FALSE,297,NA,NA,41.76010147,NA,13553,GSE131928,Glioma,FALSE,,
SARC_GSE119352_mouse_aPD1aCTLA4,T010071,Mouse,Immunotherapy,NA,"13,789",10x Genomics,Primary,30343900,"CD4Tconv, CD8T, DC, Fibroblasts, Mono/Macro, NK, Tprolif","CD8Tn, cDC1, Fibroblasts, M1, M2, Monocyte, NK, pDC, Th1, Tprolif",FALSE,145.9,NA,NA,,NA,13789,GSE119352,SARC,FALSE,,
BLCA_GSE145281_aPDL1,T010007,Human,Immunotherapy,10,"14,462",10x Genomics,Metastatic,32405063,"B, CD4Tconv, CD8T, Mono/Macro, NK","B, CD4Tn, CD8Tcm, CD8Teff, CD8Tn, M1, M2, Monocyte, NK",FALSE,116,NA,NA,,NA,14462,GSE145281,BLCA,FALSE,,
PAAD_GSE154778,T020159,Human,None,16,"14,953",10x Genomics,"Primary, Metastatic",32988401,"CD8T, Epithelial, Fibroblasts, Malignant, Mono/Macro, Plasma","CD8T, Epithelial, Fibroblasts, Malignant, Mono/Macro, Plasma",FALSE,307.9,NA,NA,,NA,14953,GSE154778,PAAD,FALSE,,
KIPAN_GSE159913,T020117,Human,None,2,"15,477",10x Genomics,Primary,33264598,"DC, Epithelial, Mono/Macro, NK","DC, Epithelial, Mono/Macro, NK",FALSE,179.4,NA,NA,,NA,15477,GSE159913,KIPAN,FALSE,,
BLCA_GSE149652,T020087,Human,Immunotherapy/Chemotherapy,7,"15,538",10x Genomics,Primary,32497499,"CD4Tconv, CD8T, CD8Tex, NK, Tprolif, Treg","CD4Tconv, CD8T, CD8Tex, NK, Tprolif, Treg",FALSE,99.6,NA,NA,,NA,15538,GSE149652,BLCA,FALSE,,
SKCM_GSE120575_aPD1aCTLA4,T010074,Human,Immunotherapy,48,"16,291",Smart-seq2,Metastatic,30388456,"B, CD4Tconv, CD8T, CD8Tex, DC, Mono/Macro, NK, Plasma, Tprolif, Treg","B, CD4Tn, CD8Tcm, CD8Tem, CD8Tex, M1, Monocyte, NK, pDC, Plasma, Tfh, Th1, Tprolif, Treg",FALSE,328,NA,NA,,NA,16291,GSE120575,SKCM,FALSE,,
MM_GSE141299,T010053,Human,None,7,"16,840",10x Genomics,Primary,None,Malignant,Malignant,FALSE,268.3,NA,NA,,NA,16840,GSE141299,MM,FALSE,,
LSCC_GSE150321,T020110,Human,None,2,"16,869",10x Genomics,Primary,32638385,"B, CD4Tconv, CD8Tex, DC, Endothelial, Epithelial, Fibroblasts, Malignant, Mast, Mono/Macro, Myofibroblasts, Tprolif, Treg","B, CD8Tex, Endothelial, Epithelial, Fibroblasts, M1, M2, Malignant, Mast, Myofibroblasts, pDC, Th1, Tprolif, Treg",TRUE,156.8,NA,NA,,NA,16869,GSE150321,LSCC,FALSE,,
Glioma_GSE103224,T010029,Human,None,8,"17,185",Microwell,Primary,30041684,"AC-like Malignant, Endothelial, Mono/Macro, NB-like Malignant, Neuron, OC-like Malignant, OPC-like Malignant","AC-like Malignant, Endothelial, M1, Monocyte, NB-like Malignant, Neuron, OC-like Malignant, OPC-like Malignant",TRUE,256.6,NA,NA,32,NA,17185,GSE103224,Glioma,TRUE,,
UVM_GSE169609,T020189,Human,None,2,"17,524",10x Genomics,Primary,33811047,"B, CD8T","B, CD8T",FALSE,166,NA,NA,,NA,17524,GSE169609,UVM,FALSE,,
Glioma_GSE138794,T010033,Human,None,9,"18,458",10x Genomics,Primary,31554641,"Astrocyte, Endothelial, Malignant, Mono/Macro, Oligodendrocyte","Astrocyte, Endothelial, M1, Malignant, Oligodendrocyte",TRUE,364.5,NA,NA,52.49,NA,18458,GSE138794,Glioma,TRUE,,
PRAD_GSE176031,T020163,Human,None,11,"18,807",Drop-seq,Primary,35013146,"CD8T, Epithelial, Fibroblasts, Malignant, Mast, Mono/Macro, Plasma, Progenitor, Treg","CD8T, Epithelial, Fibroblasts, Malignant, Mast, Mono/Macro, Plasma, Progenitor, Treg",FALSE,286,NA,NA,,NA,18807,GSE176031,PRAD,FALSE,,
THCA_GSE148673,T020183,Human,None,5,"19,407",10x Genomics,Primary,33462507,"B, CD4Tconv, CD8T, CD8Tex, DC, Endothelial, Fibroblasts, Malignant, Mono.Macro, Neutrophils, Tprolif","B, CD4Tconv, CD8T, CD8Tex, DC, Endothelial, Fibroblasts, Malignant, Mono.Macro, Neutrophils, Tprolif",TRUE,411.3,NA,NA,,NA,19407,GSE148673,THCA,FALSE,,
BRCA_GSE114727_inDrop,T010010,Human,None,8,"19,676",inDrop,Primary,29961579,"B, CD4Tconv, CD8T, DC, Endothelial, Fibroblasts, Mast, Mono/Macro, Myofibroblasts, Neutrophils, NK","B, CD4Tn, CD8Tcm, CD8Tem, cDC2, Endothelial, Fibroblasts, M1, M2, Mast, Monocyte, Myofibroblasts, Neutrophils, NK, pDC",TRUE,161.8,NA,NA,,NA,19676,GSE114727,BRCA,FALSE,,
PAAD_GSE162708,T020161,Human,None,1,"22,133",10x Genomics,"Primary, Metastatic",34671197,"B, CD8T, Endothelial, Fibroblasts, Malignant, Mast, Mono/Macro, Myofibroblasts, NK","B, CD8T, Endothelial, Fibroblasts, Malignant, Mast, Mono/Macro, Myofibroblasts, NK",TRUE,408.1,NA,NA,,NA,22133,GSE162708,PAAD,FALSE,,
STAD_GSE167297,T020182,Human,None,5,"22,464",10x Genomics,Primary,34385296,"B, CD8T, DC, Endothelial, Epithelial, Fibroblasts, Mast, Mono/Macro, Plasma","B, CD8T, DC, Endothelial, Epithelial, Fibroblasts, Mast, Mono/Macro, Plasma",TRUE,244.5,NA,NA,,NA,22464,GSE167297,STAD,FALSE,,
LIHC_GSE166635,T020123,Human,None,2,"22,631",10x Genomics,Primary,33619115,"B, CD8T, DC, Endothelial, Epithelial, Fibroblasts, Malignant, Mast, Mono/Macro, Tprolif, Treg","B, CD8Tcm, cDC1, DC, Endothelial, Epithelial, Fibroblasts, M1, M2, Malignant, Mast, Monocyte, Tprolif, Treg",TRUE,461.5,NA,NA,,NA,22631,GSE166635,LIHC,FALSE,,
CESC_GSE168652,T020092,Human,None,1,"22,998",10x Genomics,Primary,33996252,"CD8T, Endometrial stromal cells, Endothelial, Fibroblasts, Malignant, Mono/Macro, SMC","CD8T, Endometrial stromal cells, Endothelial, Fibroblasts, Malignant, Mono/Macro, SMC",TRUE,427,NA,NA,,NA,22998,GSE168652,CESC,FALSE,,
KIRC_GSE111360,T010042,Human,None,2,"23,130",10x Genomics,Primary,30550791,"B, CD4Tconv, CD8T, CD8Tex, DC, Fibroblasts, Mast, Mono/Macro, NK, Plasma, Tprolif, Treg","B, CD8Teff, CD8Tex, cDC2, Fibroblasts, M1, M2, Mast, Monocyte, NK, Plasma, Th1, Th17, Tprolif, Treg",FALSE,485.2,NA,NA,,NA,23130,GSE111360,KIRC,FALSE,,
CRC_EMTAB8107,T020098,Human,None,7,"23,176",10x Genomics,Primary,32561858,"B, CD4Tconv, CD8Tex, Endothelial, Enteric glial, Epithelial, Fibroblasts, Malignant, Mast, Mono/Macro, Myofibroblasts, Plasma","B, CD4Tn, CD8Tex, Endothelial, Enteric glial, Epithelial, Fibroblasts, M1, Malignant, Mast, Monocyte, Myofibroblasts, Plasma",TRUE,512.5,NA,NA,,NA,23176,EMTAB8107,CRC,FALSE,,
OV_EMTAB8107,T020149,Human,None,5,"24,781",10x Genomics,Primary,32561858,"B, CD8T, Endothelial, Fibroblasts, Malignant, Mono/Macro, Myofibroblasts, Plasma","B, CD8Tcm, Endothelial, Fibroblasts, M1, Malignant, Monocyte, Myofibroblasts, Plasma",TRUE,491.2,NA,NA,,NA,24781,EMTAB8107,OV,FALSE,,
MM_GSE117156,T010052,Human,Targeted therapy,14,"24,918",MARS-seq,Primary,30523328,"CD8T, Malignant, Mono/Macro, Plasma","CD8Tcm, Malignant, Monocyte, Plasma",FALSE,205.6,NA,NA,,NA,24918,GSE117156,MM,FALSE,,
Glioma_GSE163108_10X,T020108,Human,None,5,"25,013",10x Genomics,Primary,33592174,"CD4Tconv, CD8T, Mono/Macro, Oligodendrocyte, Tprolif, Treg","CD4Tconv, CD8T, Mono/Macro, Oligodendrocyte, Tprolif, Treg",FALSE,289.7,NA,NA,54.75948363,NA,25013,GSE163108,Glioma,FALSE,,
SCC_GSE145328,T020190,Human,None,11,"25,173",10x Genomics,Primary,32550269,"CD8T, CD8Tex, Endothelial, Fibroblasts, Tprolif","CD8Tem, CD8Tex, CD8Tn, Endothelial, Fibroblasts, MAIT, Tprolif",TRUE,375.5,NA,NA,,NA,25173,GSE145328,SCC,FALSE,,
SCC_GSE123813_aPD1,T010072,Human,Immunotherapy,4,"25,891",10x Genomics,Metastatic,31359002,"CD4Tconv, CD8T, CD8Tex, Tprolif, Treg","CD4Tn, CD8Tcm, CD8Teff, CD8Tem, CD8Tex, CD8Tn, Tfh, Th1, Th17, Tprolif, Treg",FALSE,390.5,NA,NA,,NA,25891,GSE123813,SCC,FALSE,,
SCC_GSE144236,T020176,Human,None,10,"26,232",10x Genomics,Primary,32579974,"B, CD8Tex, DC, Endothelial, Epithelial, Fibroblasts, Melanocytes, Mono/Macro","B, CD8Tex, cDC1, cDC2, Endothelial, Epithelial, Fibroblasts, M1, Melanocytes",TRUE,629.4,NA,NA,,NA,26232,GSE144236,SCC,FALSE,,
BRCA_GSE136206_mouse_aPD1aCTLA4,T010011,Mouse,Immunotherapy,NA,"27,532",10x Genomics,Primary,31730857,0,0,FALSE,0,NA,NA,,NA,27532,GSE136206,BRCA,FALSE,,
KIRC_GSE159115,T020119,Human,None,8,"27,669",10x Genomics,Primary,34099557,"CD8T, Endothelial, Epithelial, Erythroblasts, Malignant, Mono/Macro, Pericytes, Plasma","CD8T, Endothelial, Epithelial, Erythroblasts, Malignant, Mono/Macro, Pericytes, Plasma",TRUE,526,NA,NA,,NA,27669,GSE159115,KIRC,FALSE,,
SKCM_GSE148190,T010077,Human,None,3,"27,834",10x Genomics,Metastatic,32539073,"B, CD4Tconv, CD8T, CD8Tex, Mono/Macro, NK, Treg","B, CD4Tn, CD8Tcm, CD8Teff, CD8Tem, CD8Tex, CD8Tn, M1, MAIT, NK, Others, Th17, Treg",FALSE,301.8,NA,NA,,NA,27834,GSE148190,SKCM,FALSE,,
BRCA_GSE114727_10X,T010009,Human,None,3,"28,678",10x Genomics,Primary,29961579,"CD4Tconv, CD8T, CD8Tex, Tprolif, Treg","CD4Tn, CD8Tcm, CD8Tem, CD8Tex, CD8Tn, Others, Tfh, Th1, Th17, Tprolif, Treg",FALSE,425.4,NA,NA,,NA,28678,GSE114727,BRCA,FALSE,,
KIPAN_GSE154763,T020116,Human,None,6,"28,930",10x Genomics,Primary,33545035,"DC, Mast, Mono/Macro","DC, Mast, Mono/Macro",FALSE,498.9,NA,NA,,NA,28930,GSE154763,KIPAN,FALSE,,
PBMC_30K,T010068,Human,None,1,"29,079",10x Genomics,Normal,None,"B, CD4Tconv, CD8T, DC, Mono/Macro, NK, Plasma, Tprolif","B, CD4Tn, CD8Tcm, CD8Teff, CD8Tn, cDC2, M1, Monocyte, NK, pDC, Plasma, Tprolif",FALSE,206.7,NA,NA,,NA,29079,30K,PBMC,FALSE,,
CLL_GSE111014,T010017,Human,Targeted therapy,4,"30,106",10x Genomics,Primary,31996669,"B, CD4Tconv, CD8T, DC, Mono/Macro, Tprolif","B, CD4Tn, CD8Tcm, CD8Teff, CD8Tem, M1, Monocyte, pDC, Tprolif",FALSE,221.4,NA,NA,,NA,30106,GSE111014,CLL,FALSE,,
NHL_GSE128531,T010055,Human,None,9,"30,497",10x Genomics,Primary,31010835,"B, CD4Tconv, CD8Tex, Endothelial, Fibroblasts, Keratinocytes, Melanocytes, Mono/Macro, NK, Others, Pericytes, Secretory glandular, SMC, Tprolif","B, CD4Tn, CD8Tex, Endothelial, Fibroblasts, Keratinocytes, M1, Melanocytes, NK, Others, Pericytes, Secretory glandular, SMC, Tprolif",TRUE,527.7,NA,NA,,NA,30497,GSE128531,NHL,FALSE,,
NSCLC_GSE127465,T010058,Human,None,7,"31,179",Smart-seq2,Primary,30979687,"B, CD4Tconv, CD8Tex, DC, Endothelial, Fibroblasts, Malignant, Mast, Mono/Macro, Neutrophils, NK, Plasma","B, CD4Tn, CD8Tex, cDC2, Endothelial, Fibroblasts, M2, Malignant, Mast, Monocyte, Neutrophils, NK, Plasma",TRUE,331.7,NA,NA,,NA,31179,GSE127465,NSCLC,FALSE,,
MM_GSE164551,T020131,Human,Immunotherapy,1,"31,250",10x Genomics,Relapsed,33558511,"B, CD4Tconv, CD8T, DC, Erythrocytes, Mono/Macro, NK, Plasma, Tprolif","B, CD4Tconv, CD8T, DC, Erythrocytes, Mono/Macro, NK, Plasma, Tprolif",FALSE,319.8,NA,NA,,NA,31250,GSE164551,MM,FALSE,,
BRCA_EMTAB8107,T020088,Human,None,14,"33,043",10x Genomics,Primary,32561858,"B, CD8T, CD8Tex, Endothelial, Fibroblasts, Malignant, Mast, Mono/Macro, Myofibroblasts, Plasma, Tprolif","B, CD8Tcm, CD8Tex, Endothelial, Fibroblasts, M1, Malignant, Mast, Myofibroblasts, Plasma, Tprolif",TRUE,565.5,NA,NA,,NA,33043,EMTAB8107,BRCA,FALSE,,
KIRC_GSE121636,T020118,Human,None,3,"33,441",10x Genomics,Primary,33504936,"B, CD4Tconv, CD8T, CD8Tex, DC, Mono/Macro, NK, Plasma, Tprolif, Treg","B, CD4Tn, CD8Teff, CD8Tem, CD8Tex, CD8Tn, cDC1, M1, Monocyte, NK, pDC, Plasma, Tprolif, Treg",FALSE,363.6,NA,NA,,NA,33441,GSE121636,KIRC,FALSE,,
PRAD_GSE141445,T020167,Human,None,13,"33,441",10x Genomics,"Primary, Metastatic",33420488,"B, CD8Tex, Endothelial, Epithelial, Fibroblasts, Malignant, Mast, Mono/Macro","B, CD8Tex, Endothelial, Epithelial, Fibroblasts, M1, Malignant, Mast",TRUE,615.6,NA,NA,,NA,33441,GSE141445,PRAD,FALSE,,
CHOL_GSE138709,T020093,Human,None,5,"33,990",10x Genomics,Primary,32505533,"CD8T, CD8Tex, Cholangiocytes, DC, Endothelial, Fibroblasts, Hepatocyte, Malignant, Mono/Macro, NK, Plasma, Tprolif","CD8Tcm, CD8Tex, Cholangiocytes, Endothelial, Fibroblasts, Hepatocyte, M1, Malignant, Monocyte, NK, pDC, Plasma, Tprolif",TRUE,615.5,NA,NA,,NA,33990,GSE138709,CHOL,FALSE,,
GIST_GSE162115,T020174,Human,Targeted therapy,2,"35,308",10x Genomics,Primary,33393143,"B, CD4Tconv, CD8T, DC, Endothelial, Malignant, Mono/Macro, NK, Plasma, SMC, Tprolif","B, CD4Tconv, CD8T, DC, Endothelial, Malignant, Mono/Macro, NK, Plasma, SMC, Tprolif",TRUE,409.6,NA,NA,,NA,35308,GSE162115,GIST,FALSE,,
SKCM_GSE123139,T010075,Human,None,25,"35,494",MARS-seq,"Primary, Metastatic",30595452,"B, CD4Tconv, CD8Tex, DC, Fibroblasts, Mono/Macro, Plasma, Tprolif","B, CD4Tn, CD8Tex, cDC2, Fibroblasts, M1, Monocyte, pDC, Plasma, Tprolif",FALSE,286,NA,NA,,NA,35494,GSE123139,SKCM,FALSE,,
PRAD_GSE143791,T020168,Human,None,16,"36,850",10x Genomics,Metastatic,34719426,"B, CD4T, CD8T, DC, Endothelial, Erythroid, Malignant, Mono/Macro, NK, Osteoblasts, Osteoclasts, pDC, Pericytes, Plasma, Progenitor","B, CD4T, CD8T, DC, Endothelial, Erythroid, Malignant, Mono/Macro, NK, Osteoblasts, Osteoclasts, pDC, Pericytes, Plasma, Progenitor",TRUE,493.2,NA,NA,,NA,36850,GSE143791,PRAD,FALSE,,
MB_GSE155446,T020126,Human,None,28,"37,445",10x Genomics,Primary,34077540,"CD8T, Malignant, Mono/Macro, Neutrophils","CD8T, Malignant, Mono/Macro, Neutrophils",FALSE,706.5,NA,NA,1hr:42mins:58sec,NA,37445,GSE155446,MB,FALSE,,
ALL_GSE132509,T010002,Human,None,11,"37,936",10x Genomics,Primary,32415257,"B, CD4Tconv, CD8T, Erythrocytes, Malignant, Mono/Macro, Tprolif","B, CD4Tn, CD8Tcm, CD8Tn, Erythrocytes, Malignant, Monocyte, Tprolif",FALSE,532.9,NA,NA,,NA,37936,GSE132509,ALL,FALSE,,
AML_GSE116256,T010003,Human,None,21,"38,348",Smart-seq2,Primary,30827681,"B, CD4Tconv, CD8T, EryPro, GMP, HSC, Malignant, Mono/Macro, NK, Plasma, Progenitor, Promonocyte, Tprolif","B, CD4Tn, CD8Tcm, EryPro, GMP, HSC, Malignant, Monocyte, NK, Plasma, Progenitor, Promonocyte, Tprolif",FALSE,356.5,NA,NA,,NA,38348,GSE116256,AML,FALSE,,
SKCM_GSE139249,T010076,Human,None,5,"39,884",10x Genomics,Metastatic,31801909,"B, CD4Tconv, CD8T, CD8Tex, DC, Mono/Macro, Myofibroblasts, NK","B, CD4Tn, CD8Teff, CD8Tex, M1, Monocyte, Myofibroblasts, NK, pDC",FALSE,481.9,NA,NA,,NA,39884,GSE139249,SKCM,FALSE,,
NSCLC_EMTAB6149,T010056,Human,None,5,"40,218",10x Genomics,Primary,29988129,"Alveolar, B, CD4Tconv, CD8T, CD8Tex, Endothelial, Fibroblasts, Malignant, Mast, Mono/Macro, Plasma, Treg","Alveolar, B, CD4Tn, CD8Tem, CD8Tex, Endothelial, Fibroblasts, M1, M2, Malignant, Mast, Monocyte, Plasma, Th17, Treg",TRUE,447.6,NA,NA,,NA,40218,EMTAB6149,NSCLC,FALSE,,
STAD_GSE134520,T010079,Human,None,13,"41,554",10x Genomics,Primary,31067475,"CD8T, DC, Fibroblasts, Gland mucous, Malignant, Mast, Myofibroblasts, Pit mucous, Plasma","CD8Tcm, cDC2, Fibroblasts, Gland mucous, Malignant, Mast, Myofibroblasts, Pit mucous, Plasma",FALSE,476.2,NA,NA,,NA,41554,GSE134520,STAD,FALSE,,
OV_GSE154600,T020153,Human,None,5,"42,583",10x Genomics,Primary,32747365,"B, CD8T, CD8Tex, Endothelial, Epithelial, Fibroblasts, Malignant, Mono/Macro, Myofibroblasts, Plasma, Tprolif","B, CD8Tcm, CD8Tex, CD8Tn, Endothelial, Epithelial, Fibroblasts, M1, Malignant, Monocyte, Myofibroblasts, Plasma, Tprolif",TRUE,589.8,NA,NA,,NA,42583,GSE154600,OV,FALSE,,
CRC_GSE146771_10X,T010026,Human,None,10,"43,817",10x Genomics,Primary,32302573,"B, CD4Tconv, CD8T, CD8Tex, Mast, Mono/Macro, NK, Plasma, Tproilf","B, CD4Tn, CD8Teff, CD8Tem, CD8Tex, M1, Mast, Monocyte, NK, Tfh, Th17, Tproilf",FALSE,415,NA,NA,,NA,43817,GSE146771,CRC,FALSE,,
KIRC_GSE145281_aPDL1,T010044,Human,Immunotherapy,4,"44,220",10x Genomics,Metastatic,32405063,"B, CD4Tconv, CD8T, DC, Mast, Mono/Macro, NK, Plasma, Tprolif","B, CD4Tn, CD8Teff, CD8Tn, cDC2, M1, M2, Mast, Monocyte, NK, Plasma, Th1, Tprolif",FALSE,420.7,NA,NA,,NA,44220,GSE145281,KIRC,FALSE,,
NPC_GSE150430,T020111,Human,None,15,"45,959",10x Genomics,Primary,32686767,"B, CD4Tconv, CD8T, DC, Malignant, Mono/Macro, pDC, Plasma, Tprolif, Treg","B, CD4Tconv, CD8T, DC, Malignant, Mono/Macro, pDC, Plasma, Tprolif, Treg",FALSE,921.4,NA,NA,,NA,45959,GSE150430,NPC,FALSE,,
HB_GSE180665,T020125,Human,None,3,"46,486",10x Genomics,Primary,34497364,"Endothelial, Hepatocytes, Kupffer, Malignant, Stellate","Endothelial, Hepatocytes, Kupffer, Malignant, Stellate",TRUE,1047.3,NA,NA,,NA,46486,GSE180665,HB,FALSE,,
OS_GSE162454,T020148,Human,None,6,"46,544",10x Genomics,Primary,34367994,"CD4Tconv, CD8Tex, Endothelial, Fibroblasts, Malignant, Mono/Macro, Osteoblasts, Plasmocytes","CD4Tconv, CD8Tex, Endothelial, Fibroblasts, Mono/Macro, Osteoblasts, Plasmocytes",TRUE,1090.9,NA,NA,,NA,46544,GSE162454,OS,FALSE,,
CLL_GSE132065,T020095,Human,None,3,"47,695",10x Genomics,Primary,32393363,"CD4Tconv, CD8T, Malignant, Mono/Macro, NK","CD4Tconv, CD8T, Malignant, Mono/Macro, NK",FALSE,347.1,NA,NA,,NA,47695,GSE132065,CLL,FALSE,,
KIRC_GSE139555,T010043,Human,None,3,"49,907",10x Genomics,Primary,32103181,"B, CD4Tconv, CD8T, CD8Tex, DC, Endothelial, Mast, Mono/Macro, NK, Plasma, Tprolif","B, CD4Teff, CD4Tn, CD8Teff, CD8Tex, cDC1, Endothelial, M1, M2, Mast, Monocyte, NK, pDC, Plasma, Th1, Tprolif",TRUE,470.4,NA,NA,,NA,49907,GSE139555,KIRC,FALSE,,
BCC_GSE123813_aPD1,T010005,Human,Immunotherapy,11,"52,884",10x Genomics,Metastatic,31359002,"B, CD4Tconv, CD8T, CD8Tex, DC, Endothelial, Fibroblasts, Malignant, Mast, Melanocytes, Mono/Macro, Myofibroblasts, NK, Plasma, Tprolif, Treg","B, CD4Tn, CD8Tcm, CD8Tex, cDC1, Endothelial, Fibroblasts, M1, Malignant, Mast, Melanocytes, Monocyte, Myofibroblasts, NK, pDC, Plasma, Tfh, Th1, Tprolif, Treg",TRUE,835.3,NA,NA,,NA,52884,GSE123813,BCC,FALSE,,
HNSC_GSE180268,T020114,Human,None,6,"53,660",10x Genomics,"Primary, Metastatic",34471285,CD8T,CD8T,FALSE,738.4,NA,NA,,NA,53660,GSE180268,HNSC,FALSE,,
BCC_GSE141526,T020086,Human,None,6,"56,116",10x Genomics,Primary,33033234,"CD8Tex, DC, Endothelial, Fibroblasts, Keratinocytes, Malignant, Myofibroblasts","CD8Tex, Endothelial, Fibroblasts, Keratinocytes, M2, Malignant, Myofibroblasts",TRUE,981.1,NA,NA,,NA,56116,GSE141526,BCC,FALSE,,
PAAD_CRA001160,T010066,Human,None,35,"57,443",10x Genomics,Primary,31273297,"Acinar, B, CD8Tex, DC, Ductal, Endocrine, Endothelial, Fibroblasts, Malignant, Mono/Macro, Plasma, Stellate","Acinar, B, CD8Tex, Ductal, Endocrine, Endothelial, Fibroblasts, M1, Malignant, Monocyte, pDC, Plasma, Stellate",TRUE,1171.8,NA,NA,,NA,57443,CRA001160,PAAD,FALSE,,
OSCC_GSE172577,T020113,Human,None,6,"57,503",10x Genomics,Primary,34044317,"CD8T, Ductal, Endothelial, Epithelial, Gland, Keratinocytes, Malignant, Mast, Mono/Macro, NK, Treg","CD8T, CD8Tcm, cDC1, Ductal, Endothelial, Epithelial, Gland, Keratinocytes, M1, Malignant, Mast, Mono/Macro, NK, Treg",TRUE,1245.7,NA,NA,,NA,57503,GSE172577,OSCC,FALSE,,
OV_GSE151214,T020152,Human,None,8,"59,446",10x Genomics,Metastatic,33852846,"CD4T, CD8T, Endothelial, Epithelial, Fibroblasts, Malignant, Mast, Mono/Macro, Myofibroblasts","CD4T, CD8T, Endothelial, Epithelial, Fibroblasts, Malignant, Mast, Mono/Macro, Myofibroblasts",TRUE,629.3,NA,NA,,NA,59446,GSE151214,OV,FALSE,,
CLL_GSE125881,T010018,Human,Immunotherapy,4,"60,528",10x Genomics,Primary,31924795,"CD8T, CD8Tex, Tprolif","CD8T, CD8Tcm, CD8Teff, CD8Tem, CD8Tex, CD8Tn, Tprolif",FALSE,955.2,NA,NA,,NA,60528,GSE125881,CLL,FALSE,,
LIHC_GSE140228_10X,T010046,Human,None,5,"62,530",10x Genomics,Primary,31675496,"B, CD4Tconv, CD8T, CD8Tex, DC, ILC, Mast, Mono/Macro, NK, Plasma, Tprolif, Treg","B, CD4Tn, CD8Tcm, CD8Teff, CD8Tex, cDC1, ILC, M1, MAIT, Mast, Monocyte, NK, Plasma, Tprolif, Treg",FALSE,652.1,NA,NA,,NA,62530,GSE140228,LIHC,FALSE,,
PBMC_60K,T010069,Human,None,1,"63,628",10x Genomics,Normal,None,"B, CD4Tconv, CD8T, DC, Mast, Mono/Macro, NK","B, CD4Tn, CD8Tcm, CD8Tn, M1, Mast, Monocyte, NK, pDC, Th2",FALSE,956.8,NA,NA,,NA,63628,60K,PBMC,FALSE,,
CRC_GSE166555,T020099,Human,None,12,"66,050",10x Genomics,Primary,34409732,"B, CD4Tconv, CD8T, DC, Endothelial, Epithelial, Fibroblasts, Malignant, Mast, Mono/Macro, Myofibroblasts, Plasma, Tprolif","B, CD4Tconv, CD8T, DC, Endothelial, Epithelial, Fibroblasts, Malignant, Mast, Mono/Macro, Myofibroblasts, Plasma, Tprolif",TRUE,876.6,NA,NA,,NA,66050,GSE166555,CRC,FALSE,,
CRC_GSE136394,T010024,Human,Immunotherapy,5,"67,171",10x Genomics,"Primary, Metastatic",31484655,"CD4Tconv, CD8T, Mono/Macro, Tprolif","CD8Tcm, CD8Teff, CD8Tem, CD8Tn, Monocyte, Th17, Tprolif",FALSE,1047,NA,NA,,NA,67171,GSE136394,CRC,FALSE,,
NSCLC_GSE162498,T020145,Human,None,11,"68,255",10x Genomics,Primary,33514641,"CD4Tconv, CD8T, Epithelial, Mono/Macro, NK, Tprolif, Treg","CD4Tconv, CD4Teff, CD8Tcm, CD8Teff, CD8Tn, Epithelial, Mono/Macro, NK, Th1, Th17, Th2, Tprolif, Treg",FALSE,919.4,NA,NA,,NA,68255,GSE162498,NSCLC,FALSE,,
NSCLC_GSE139555,T010061,Human,None,6,"78,829",10x Genomics,Primary,32103181,"B, CD4Tconv, CD8T, CD8Tex, DC, Mono/Macro, NK, Plasma, Tprolif, Treg","B, CD4Tn, CD8Tcm, CD8Teff, CD8Tex, cDC2, Monocyte, NK, pDC, Plasma, Th1, Th17, Tprolif, Treg",FALSE,848.5,NA,NA,,NA,78829,GSE139555,NSCLC,FALSE,,
MM_GSE175385,T020132,Human,None,21,"79,277",10x Genomics,Primary,34133718,"Malignant, Plasma","Malignant, Plasma",FALSE,877.7,NA,NA,,NA,79277,GSE175385,MM,FALSE,,
NSCLC_GSE148071,T020140,Human,None,42,"82,267",GEXSCOPETM,Primary,33953163,"Alveolar, Basal, CD8T, Endothelial, Epithelial , Fibroblasts, Malignant, Mono/Macro, Plasma, Tprolif","Alveolar, Basal, CD8T, Endothelial, Epithelial , Fibroblasts, Malignant, Mono/Macro, Plasma, Tprolif",TRUE,1219.9,NA,NA,,NA,82267,GSE148071,NSCLC,FALSE,,
BRCA_GSE176078,T010014,Human,None,26,"89,471",10x Genomics,Primary,34493872,"B, CD4Tconv, CD8Tex, DC, Endothelial, Fibroblasts, Malignant, Mono/Macro, Plasma, SMC, Tprolif","B, CD4Tn, CD8Tex, Endothelial, Fibroblasts, M1, Malignant, Monocyte, pDC, Plasma, SMC, Tprolif",TRUE,1421.4,NA,NA,,NA,89471,GSE176078,BRCA,FALSE,,
RB_GSE166173,T020171,Human,None,12,"90,603",10x Genomics,Primary,34003213,"Amacrine cell, Cones, Endothelial, Goblet cell, Horizontal cell, Microglia, Muller Glia, Retinal cell","Amacrine cell, Cones, Endothelial, Goblet cell, Horizontal cell, Microglia, Muller Glia, Retinal cell",TRUE,1861.8,NA,NA,,NA,90603,GSE166173,RB,FALSE,,
SKCM_GSE159251,T020179,Human,Immunotherapy,4,"95,421",10x Genomics,"Primary, Metastatic",33651880,"CD4Tconv, CD8T, CD8Tex, Tprolif","CD4Tconv, CD8T, CD8Tex, Tprolif",FALSE,898.5,NA,NA,,NA,95421,GSE159251,SKCM,FALSE,,
OV_GSE158722,T020155,Human,Chemotherapy,21,"96,846",10x Genomics,Primary,34031395,"CD8T, Fibroblasts, Malignant, Mono/Macro","CD8T, Fibroblasts, Malignant, Mono/Macro",FALSE,2282,NA,NA,,NA,96846,GSE158722,OV,FALSE,,
Glioma_GSE162631,T020107,Human,None,4,"99,612",10x Genomics,Primary,32663469,"CD8T, Endothelial, Microglia, Mono/Macro, Mural cell","CD8T, Endothelial, Microglia, Mono/Macro, Mural cell",TRUE,1874.3,NA,NA,3hr:7mins,NA,99612,GSE162631,Glioma,TRUE,,
UVM_GSE139829,T010081,Human,None,11,"103,703",10x Genomics,"Primary, Metastatic",31980621,"B, CD4Tconv, CD8T, CD8Tex, Endothelial, Malignant, Mono/Macro, Plasma","B, CD8Tcm, CD8Tex, Endothelial, M1, Malignant, Monocyte, Plasma, Th1",TRUE,1940.9,NA,NA,,NA,103703,GSE139829,UVM,FALSE,,
PRAD_GSE172301,T020170,Human,None,6,"104,021",10x Genomics,Primary,34173975,"B, CD8T, Endothelial, Epithelial, Fibroblasts, Mast, Mono/Macro, Plasma, SMC","B, CD8T, Endothelial, Epithelial, Fibroblasts, Mast, Mono/Macro, Plasma, SMC",TRUE,1400.9,NA,NA,,NA,104021,GSE172301,PRAD,FALSE,,
Glioma_GSE148842,T010036,Human,None,7,"111,397",Microwell,Primary,33975634,"AC-like Malignant, CD8Tex, Malignant, Mono/Macro, Oligodendrocyte, Others","AC-like Malignant, CD8Tex, M2, Malignant, Monocyte, Oligodendrocyte, Others",FALSE,1746.6,NA,NA,5hr:11mins,NA,111397,GSE148842,Glioma,TRUE,,
HNSC_GSE139324,T010041,Human,None,26,"130,721",10x Genomics,Primary,31924475,"B, CD4Tconv, CD8T, CD8Tex, DC, Mast, Mono/Macro, NK, Plasma, Tprolif, Treg","B, CD4Tn, CD8Teff, CD8Tem, CD8Tex, CD8Tn, cDC2, M1, M2, Mast, Monocyte, NK, pDC, Plasma, Tfh, Tprolif, Treg",FALSE,1429.1,NA,NA,,NA,130721,GSE139324,HNSC,FALSE,,
NPC_GSE162025,T020112,Human,None,10,"176,440",10x Genomics,Primary,33531485,"B, CD4Tconv, CD8T, DC, Malignant, Mono/Macro, NK, Plasma, Tprolif, Treg","B, CD4Tconv, CD8T, DC, Malignant, Mono/Macro, NK, Plasma, Tprolif, Treg",FALSE,2220.7,NA,NA,,NA,176440,GSE162025,NPC,FALSE,,
NSCLC_GSE131907,T010060,Human,None,44,"203,298",10x Genomics,"Primary, Metastatic",32385277,"B, CD4Tconv, CD8T, CD8Tex, DC, Endothelial, Epithelial, Fibroblasts, Mast, Mono/Macro, Oligodendrocyte, Plasma","B, CD4Tn, CD8Tcm, CD8Tem, CD8Tex, cDC2, Endothelial, Epithelial, Fibroblasts, M2, Mast, Monocyte, Oligodendrocyte, pDC, Plasma",TRUE,2719.9,NA,NA,,NA,203298,GSE131907,NSCLC,FALSE,,
MM_GSE161801,T020130,Human,Immunotherapy,20,"204,045",10x Genomics,Relapsed,34845188,"B, CD8T, DC, Erythroblasts, Malignant, Mono/Macro, NK , Progenitors, Tprolif","B, CD8T, DC, Erythroblasts, Malignant, Mono/Macro, NK , Progenitors, Tprolif",FALSE,2460.7,NA,NA,,NA,204045,GSE161801,MM,FALSE,,
ESCA_GSE160269,T020102,Human,None,64,"208,658",10x Genomics,Primary,34489433,"B, CD4Tconv, CD8Tex, DC, Endothelial, Fibroblasts, Malignant, Mast, Mono/Macro, Pericytes, Plasma, Tprolif, Treg","B, CD4Tconv, CD8Tex, DC, Endothelial, Fibroblasts, Malignant, Mast, Mono/Macro, Pericytes, Plasma, Tprolif, Treg",TRUE,4334.2,NA,NA,,NA,208658,GSE160269,ESCA,FALSE,,
BRCA_GSE161529,T020091,Human,None,52,"332,168",10x Genomics,Primary,33950524,"B, CD4Tconv, CD8T, Endothelial, Epithelial, Fibroblasts, Malignant, Mono/Macro, NK, Pericytes, Plasma","B, CD4Tconv, CD8T, Endothelial, Epithelial, Fibroblasts, Malignant, Mono/Macro, NK, Pericytes, Plasma",TRUE,4775.3,NA,NA,,NA,332168,GSE161529,BRCA,FALSE,,
NSCLC_GSE176021_aPD1,T020146,Human,Immunotherapy,16,"816,654",10x Genomics,"Primary, Metastatic",34290408,0,0,FALSE,3525.8,NA,NA,,NA,816654,GSE176021,NSCLC,FALSE,,